Subject,Source
Mountain,https://images.unsplash.com/photo-1504870712357-65ea720d6078?ixlib=rb-0.3.5&ixid=eyJhcHBfaWQiOjEyMDd9&s=d91ffea4f802668c524df165caf52704&auto=format&fit=crop&w=1000&q=80
Sequioa,https://images.unsplash.com/photo-1515670703255-f1e00e5c18a6?ixlib=rb-0.3.5&ixid=eyJhcHBfaWQiOjEyMDd9&s=f3d3f86755110a212c8377ba77d775a2&auto=format&fit=crop&w=2106&q=80
Tall Bushes,https://images.unsplash.com/photo-1521706862577-47b053587f91?ixlib=rb-0.3.5&ixid=eyJhcHBfaWQiOjEyMDd9&s=bb5e4d9d4e0e061899294128c5bed203&auto=format&fit=crop&w=2104&q=80
Jungle,https://images.unsplash.com/photo-1453791052107-5c843da62d97?ixlib=rb-0.3.5&s=8dc6d22899c29ad55c789a6e830fa078&auto=format&fit=crop&w=2100&q=80
White Tiger,https://images.unsplash.com/photo-1503066211613-c17ebc9daef0?ixlib=rb-0.3.5&ixid=eyJhcHBfaWQiOjEyMDd9&s=db24a634bad2f3b05cfe733c26e7680f&auto=format&fit=crop&w=2100&q=80
Beach,https://images.unsplash.com/photo-1510414842594-a61c69b5ae57?ixlib=rb-0.3.5&ixid=eyJhcHBfaWQiOjEyMDd9&s=04c27a9ea6ed87838d712ae831afa974&auto=format&fit=crop&w=2100&q=80
Desert,https://images.unsplash.com/photo-1455304923426-5f96de57d750?ixlib=rb-0.3.5&ixid=eyJhcHBfaWQiOjEyMDd9&s=60f5d62d88b014511a114531518495dc&auto=format&fit=crop&w=2100&q=80
Flowers,https://images.unsplash.com/photo-1532211387405-12202cb81d7b?ixlib=rb-0.3.5&ixid=eyJhcHBfaWQiOjEyMDd9&s=85de7ea26c4600eb4f76fd454580d0c4&auto=format&fit=crop&w=2100&q=80
Fruits,https://images.unsplash.com/photo-1488459716781-31db52582fe9?ixlib=rb-0.3.5&ixid=eyJhcHBfaWQiOjEyMDd9&s=d060132f422f18d7fd59c4b5d0eb8e06&auto=format&fit=crop&w=2100&q=80
Volcano,https://images.unsplash.com/photo-1516843451546-33a6a309dece?ixlib=rb-0.3.5&ixid=eyJhcHBfaWQiOjEyMDd9&s=52282671a154dfdcd162a91a6d65f589&auto=format&fit=crop&w=2100&q=80
Snow,https://images.unsplash.com/photo-1487564149407-9fb3522e2ceb?ixlib=rb-0.3.5&ixid=eyJhcHBfaWQiOjEyMDd9&s=2877f7210a9f54e9ce4fdc30c556087c&auto=format&fit=crop&w=2100&q=80
